<TICKER>;<PER>;<DATE>;<TIME>;<OPEN>;<HIGH>;<LOW>;<CLOSE>;<VOL>
AAPL;D;200401;000000;61.62;62.175;59.785;60.225;13519924
AAPL;D;200402;000000;59.9975;61.2875;59.225;61.205;14472452
AAPL;D;200403;000000;60.715;61.425;59.745;60.3575;10069680
AAPL;D;200406;000000;62.725;65.7775;62.3525;65.595;16041116
AAPL;D;200407;000000;67.6975;67.9225;64.75;64.875;16281972
AAPL;D;200408;000000;65.65;66.84;65.31;66.5125;11403896
AAPL;D;200409;000000;67.1725;67.515;66.175;67;14466792
AAPL;D;200413;000000;67.075;68.3975;66.46;68.315;8442612
AAPL;D;200414;000000;70;72.0075;69.5175;71.7575;14091300
AAPL;D;200415;000000;70.59875;71.575;70.1575;71.155;9150616
AAPL;D;200416;000000;71.8275;72.0425;70.5925;71.675;11406588
AAPL;D;200417;000000;71.1725;71.735;69.2175;70.72;15206176
AAPL;D;200421;000000;68.19;68.3725;66.3575;67.125;9101956
AAPL;D;200422;000000;68.43;69.475;68.05;69.0325;7501028
AAPL;D;200423;000000;68.9725;70.4275;68.725;68.725;8646396
AAPL;D;200424;000000;69.3;70.75;69.25;70.725;8479720
AAPL;D;200427;000000;70.46;71.13;69.99;70.8025;7130816
AAPL;D;200428;000000;71.275;71.4475;69.555;69.6175;7832864
AAPL;D;200429;000000;71.1825;72.4175;70.975;71.935;9213920
AAPL;D;200430;000000;72.49;73.6325;72.0925;73.4875;7250476
AAPL;D;200501;000000;71.555;74.75;71.4625;72.3225;19860544
AAPL;D;200504;000000;72.26;73.4225;71.58;73.34;10115900
AAPL;D;200505;000000;73.765;75.25;73.6175;74.455;10528112
AAPL;D;200506;000000;75.12;75.81;74.7175;75.1275;11716692
AAPL;D;200507;000000;75.8125;76.2925;75.5;75.9375;8677908
AAPL;D;200508;000000;76.41;77.57;76.0775;77.5375;10270220
AAPL;D;200511;000000;77.025;79.2625;76.81;78.755;10025640
AAPL;D;200512;000000;79.4575;79.92;77.735;77.8375;12615780
AAPL;D;200513;000000;78.0375;78.985;75.815;76.8425;18824792
AAPL;D;200514;000000;76.095;77.4475;75.395;77.4325;14904836
AAPL;D;200515;000000;75.1;76.975;75.07;76.9225;13344184
AAPL;D;200518;000000;78.2925;79.125;77.5825;78.7375;11217200
AAPL;D;200519;000000;78.7575;79.6275;78.2525;78.2575;9275212
AAPL;D;200520;000000;79.17;79.88;79.055;79.82;10375408
AAPL;D;200521;000000;79.6675;80.2225;78.9675;79.2;9613080
AAPL;D;200522;000000;78.9425;79.8;78.8375;79.7025;7922464
AAPL;D;200526;000000;80.87;81.05;79.125;79.21;9339068
AAPL;D;200527;000000;79.035;79.6625;78.275;79.54;10182420
AAPL;D;200528;000000;79.1925;80.86;78.9225;79.5625;12560652
AAPL;D;200529;000000;79.8125;80.285;79.1225;79.4675;13783204
AAPL;D;200601;000000;79.465;80.5875;79.3075;80.4525;6452848
AAPL;D;200602;000000;80.23;80.86;79.7325;80.855;5728060
AAPL;D;200603;000000;81.175;81.5025;80.5775;81.28;6756544
AAPL;D;200604;000000;81.14;81.405;80.1975;80.5575;5948220
AAPL;D;200605;000000;80.855;82.9375;80.825;82.85;10614612
AAPL;D;200608;000000;82.585;83.3975;81.835;83.37;5617904
AAPL;D;200609;000000;83.0275;86.4;83.0025;85.955;9382648
AAPL;D;200610;000000;87.0125;88.69;86.525;88.2225;12512768
AAPL;D;200611;000000;87.32;87.76;83.87;83.9625;13081804
AAPL;D;200612;000000;86.18;86.95;83.5625;84.6325;12362652
AAPL;D;200615;000000;83.315;86.25;83.145;85.7675;7633300
AAPL;D;200616;000000;87.865;88.3;86.1925;88.065;10032824
AAPL;D;200617;000000;88.7875;88.825;87.81;87.81;7199896
AAPL;D;200618;000000;87.8775;88.3575;87.31;87.855;5876672
AAPL;D;200619;000000;88.66;89.14;86.2875;87.375;13811080
AAPL;D;200622;000000;87.825;89.8625;87.805;89.715;6678812
AAPL;D;200623;000000;91.005;93.095;90.575;91.6375;9459920
AAPL;D;200624;000000;91.26;92.185;89.6325;89.98;8973296
AAPL;D;200625;000000;90.1375;91.25;89.4;91.2125;7945424
AAPL;D;200626;000000;91.1475;91.3225;88.2575;88.3575;10314616
AAPL;D;200629;000000;88.375;90.5375;87.82;90.5075;7182804
AAPL;D;200630;000000;90.02;91.495;90;91.1225;6218508
AAPL;D;200701;000000;91.28;91.84;90.9775;91.0275;6347184
AAPL;D;200702;000000;91.94;92.615;90.9325;91.03;6271704
AAPL;D;200706;000000;92.4825;93.945;92.4675;93.4525;5596996
AAPL;D;200707;000000;93.9025;94.65;93.0575;93.165;5896004
AAPL;D;200708;000000;94.1875;95.365;94.105;95.3225;5939740
AAPL;D;200709;000000;96.2725;96.29;94.6725;95.6475;6860236
AAPL;D;200710;000000;95.335;95.9725;94.7075;95.905;5091168
AAPL;D;200713;000000;97.295;99.955;95.2575;95.4775;9241244
AAPL;D;200714;000000;94.86;97.25;93.8775;97.055;9110476
AAPL;D;200715;000000;98.99;99.245;96.5;97.7575;7633560
AAPL;D;200716;000000;96.555;97.4;95.905;96.5575;5933216
AAPL;D;200717;000000;96.8775;97.105;95.8675;96.295;4448720
AAPL;D;200720;000000;96.43;98.48;96.0725;98.3525;5522604
AAPL;D;200721;000000;99.1875;99.1875;96.76;97.0125;5248356
AAPL;D;200722;000000;96.7375;97.9675;96.605;97.2725;4393324
AAPL;D;200723;000000;96.9775;97.0625;92.0225;92.86;9585332
AAPL;D;200724;000000;90.9875;92.97;89.24;92.6125;10257488
AAPL;D;200727;000000;93.7375;94.9;93.4875;94.81;4766564
AAPL;D;200728;000000;94.265;94.5425;93.2525;93.255;3485232
AAPL;D;200729;000000;93.7875;95.225;93.7875;95.065;3052956
AAPL;D;200730;000000;94.1875;96.2875;93.7675;96.22;4949936
AAPL;D;200731;000000;102.88375;106.41;100.8325;106.255;17113332
AAPL;D;200803;000000;108.1925;111.63;107.8925;108.895;11471752
AAPL;D;200804;000000;109.16;110.77;108.3975;109.6325;5449484
AAPL;D;200805;000000;109.425;110.38;108.91;110.1075;4569592
AAPL;D;200806;000000;110.4375;114.4125;110.085;113.945;7408812
AAPL;D;200807;000000;113.225;113.4825;110.305;111.11;8781064
AAPL;D;200810;000000;112.56;113.7725;110;112.72;7038504
AAPL;D;200811;000000;111.9925;112.4575;109.125;109.36;6012512
AAPL;D;200812;000000;110.475;113.275;110.3;113.06;5567736
AAPL;D;200813;000000;114.4425;116.0375;113.935;114.9275;7501340
AAPL;D;200814;000000;114.82875;114.99;113.0475;114.9675;5650056
AAPL;D;200817;000000;116.0675;116.07;113.975;114.585;3529520
AAPL;D;200818;000000;114.36;116;114.025;115.525;4048128
AAPL;D;200819;000000;115.985;117.1575;115.615;115.665;6140232
AAPL;D;200820;000000;115.75;118.39;115.75;118.2125;5266276
AAPL;D;200821;000000;119.26;124.8675;119.25;124.35;16419496
AAPL;D;200824;000000;128.685;128.78;123.9475;125.9425;10975996
AAPL;D;200825;000000;124.6775;125.175;123.065;124.875;7569212
AAPL;D;200826;000000;126.195;126.9875;125.1025;126.58;5351092
AAPL;D;200827;000000;127.125;127.485;123.84;125.0425;6134036
AAPL;D;200828;000000;126.0025;126.4425;124.58125;124.795;7369700
AAPL;D;200831;000000;127.5;131;126.35;128.76;8529816
AAPL;D;200901;000000;132.76;134.79;130.53;134.27;5306441
AAPL;D;200902;000000;137.54;137.94;127;131.49;7026127
AAPL;D;200903;000000;127;128.83;120.5;120.93;11098247
AAPL;D;200904;000000;120.14;123.66;110.92;120.93;14301208
AAPL;D;200908;000000;114.23;118.98;112.68;112.83;10102103
AAPL;D;200909;000000;117.22;119.13;115.31;117.18;6694729
AAPL;D;200910;000000;120.46;120.49;112.5;113.41;7778580
AAPL;D;200911;000000;114.61;115.22;110.03;111.96;8101585
AAPL;D;200914;000000;114.7;115.91;112.81;115.35;5316167
AAPL;D;200915;000000;118.42;118.79;113.61;115.54;6732024
AAPL;D;200916;000000;115.23;116;112.05;112.05;5726695
AAPL;D;200917;000000;109.64;112.19;108.75;110.34;7419896
AAPL;D;200918;000000;110.38;110.86;106.09;106.7;8766645
AAPL;D;200921;000000;104.51;110.17;103.11;110.13;7224980
AAPL;D;200922;000000;112.68;112.85;109.18;111.81;6674363
AAPL;D;200923;000000;111.65;112.1;106.78;107.17;5808889
AAPL;D;200924;000000;105.14;110.24;105;108.11;5938779
AAPL;D;200925;000000;108.43;112.44;107.69;112.22;6192190
AAPL;D;200928;000000;115.01;115.31;112.78;115;5704520
AAPL;D;200929;000000;114.55;115.3;113.58;114.1;3745371
AAPL;D;200930;000000;113.77;117.24;113.66;115.63;5945267
AAPL;D;201001;000000;117.64;117.7;115.84;116.78;4565974
AAPL;D;201002;000000;112.85;115.37;112.23;113.01;6897387
AAPL;D;201005;000000;113.93;116.65;113.56;116.58;3685283
AAPL;D;201006;000000;115.74;116.11;112.25;113.12;6637082
AAPL;D;201007;000000;114.6;115.5;114.13;115.1;3687782
AAPL;D;201008;000000;116.27;116.4;114.6;114.93;3258960
AAPL;D;201009;000000;115.28;117;114.92;116.99;5557908
AAPL;D;201012;000000;120.07;125.18;119.3;124.3;10232787
AAPL;D;201013;000000;125.27;125.39;119.7;121.05;10224301
AAPL;D;201014;000000;121;123.02;119.62;121.18;6236005
AAPL;D;201015;000000;118.71;121.2;118.15;120.71;4523269
AAPL;D;201016;000000;121.28;121.54;118.81;119.04;4759954
AAPL;D;201019;000000;119.96;120.4;115.67;116;4610588
AAPL;D;201020;000000;116.2;118.98;115.65;117.5;4761763
AAPL;D;201021;000000;116.59;118.7;116.5;116.87;4054455
AAPL;D;201022;000000;117.41;118.04;114.59;115.76;4897749
AAPL;D;201023;000000;116.38;116.55;114.29;115.045;4216081
AAPL;D;201026;000000;114;116.54;112.89;115.08;5401826
AAPL;D;201027;000000;115.46;117.27;114.54;116.545;4470865
AAPL;D;201028;000000;115.05;115.43;111.15;111.22;6409665
AAPL;D;201029;000000;112.32;116.92;112.22;114.76;5827054
AAPL;D;201030;000000;111.08;111.98;107.74;109.02;9908947
AAPL;D;201102;000000;109.14;110.66;107.33;108.77;5547023
AAPL;D;201103;000000;109.66;111.46;108.73;110.4;4774282
AAPL;D;201104;000000;114.14;115.58;112.36;114.92;8023981
AAPL;D;201105;000000;118.04;119.62;116.88;118.96;5676264
AAPL;D;201106;000000;118.32;119.19;116.13;118.71;4948971
AAPL;D;201109;000000;120.5;121.98;116.07;116.32;8297617
AAPL;D;201110;000000;115.57;117.58;114.14;115.98;6286448
AAPL;D;201111;000000;117.18;119.62;116.47;119.51;4948778
AAPL;D;201112;000000;119.62;120.52;118.58;119.23;5094436
AAPL;D;201113;000000;119.46;119.67;117.88;119.23;3615233
AAPL;D;201116;000000;118.92;120.99;118.18;120.365;4189521
AAPL;D;201117;000000;119.53;120.67;118.96;119.39;3377163
AAPL;D;201118;000000;118.67;119.81;118;118;3385493
AAPL;D;201119;000000;117.45;119.03;116.81;118.64;3721401
AAPL;D;201120;000000;118.64;118.76;117.3;117.32;3310098
AAPL;D;201123;000000;117.17;117.62;113.755;113.85;5455160
AAPL;D;201124;000000;113.91;115.85;112.59;115.18;5161229
AAPL;D;201125;000000;115.54;116.75;115.18;116.03;3411093
AAPL;D;201127;000000;116.57;117.48;116.22;116.6;2443571
AAPL;D;201130;000000;116.94;120.96;116.82;119.06;7242520
AAPL;D;201201;000000;121.01;123.46;120.015;122.66;6042871
AAPL;D;201202;000000;122.04;123.37;120.89;123.09;3922507
AAPL;D;201203;000000;123.52;123.78;122.23;122.94;3603297
AAPL;D;201204;000000;122.55;122.86;121.52;122.24;3374457
AAPL;D;201207;000000;122.35;124.57;122.25;123.74;4037598
AAPL;D;201208;000000;124.34;124.97;123.1;124.37;4328898
AAPL;D;201209;000000;124.49;125.95;121.07;121.77;5820036
AAPL;D;201210;000000;120.47;123.87;120.16;123.22;3646799
AAPL;D;201211;000000;122.43;122.75;120.555;122.49;4268337
AAPL;D;201214;000000;122.6;123.34;121.55;121.77;3111976
AAPL;D;201215;000000;124.29;127.9;124.14;127.89;8005838
AAPL;D;201216;000000;127.41;128.37;126.56;127.75;4153824
AAPL;D;201217;000000;128.93;129.55;128.05;128.71;4092789
AAPL;D;201218;000000;128.91;129.07;126.125;126.71;5926891
AAPL;D;201221;000000;125.07;128.31;123.45;128.23;5055467
AAPL;D;201222;000000;131.58;134.4;129.66;131.88;8387238
AAPL;D;201223;000000;132.16;132.4;130.79;130.95;3188006
AAPL;D;201224;000000;131.34;133.46;131.1;131.99;2336475
AAPL;D;201228;000000;133.99;137.34;133.52;136.71;5512636
AAPL;D;201229;000000;138.05;138.78;134.36;134.92;5142792
AAPL;D;201230;000000;135.56;135.99;133.4;133.7;4342167
AAPL;D;201231;000000;134.08;134.72;131.725;132.58;4020082
AAPL;D;210104;000000;133.53;133.6;126.77;129.42;5318401
AAPL;D;210105;000000;128.89;131.73;128.45;130.99;3184437
AAPL;D;210106;000000;127.72;131.04;126.39;126.59;6687455
AAPL;D;210107;000000;128.36;131.62;127.88;130.86;4433627
AAPL;D;210108;000000;132.41;132.61;130.23;131.99;4632465
AAPL;D;210111;000000;129.02;130.16;128.5;128.99;4014020
AAPL;D;210112;000000;128.48;129.69;126.87;128.81;3942436
AAPL;D;210113;000000;128.67;131.45;128.5;130.91;4088720
AAPL;D;210114;000000;130.76;130.99;128.79;128.93;4471230
AAPL;D;210115;000000;128.71;130.22;127;127.08;5322420
AAPL;D;210119;000000;127.72;128.7;126.94;127.83;3636939
AAPL;D;210120;000000;128.57;132.48;128.57;131.98;4871596
AAPL;D;210121;000000;133.82;137.33;133.59;136.9;5397365
AAPL;D;210122;000000;136.27;139.85;135.02;138.93;5193638
AAPL;D;210125;000000;143.04;145.09;136.59;142.89;7384304
AAPL;D;210126;000000;143.54;144.3;141.39;143.19;4061697
AAPL;D;210127;000000;143.42;144.3;140.41;142.53;6480555
AAPL;D;210128;000000;139.52;141.98;136.7;137.04;7865620
AAPL;D;210129;000000;135.8;136.72;130.22;131.8;9483858
AAPL;D;210201;000000;133.67;135.38;130.93;134.08;5751151
AAPL;D;210202;000000;135.72;136.29;134.61;134.96;4062039
AAPL;D;210203;000000;135.64;135.67;133.62;133.9;3635817
AAPL;D;210204;000000;136.33;137.4;134.6;137.39;3991718
AAPL;D;210205;000000;137.35;137.4;135.87;136.77;3819087
AAPL;D;210208;000000;136.03;136.95;134.95;136.92;3565563
AAPL;D;210209;000000;136.64;137.87;135.86;136;3775386
AAPL;D;210210;000000;136.48;136.99;134.41;135.34;4138775
AAPL;D;210211;000000;135.92;136.38;133.79;135.12;3663482
AAPL;D;210212;000000;134.35;135.52;133.7;135.39;4033946
AAPL;D;210216;000000;135.48;136;132.82;133.16;4186784
AAPL;D;210217;000000;131.27;132.21;129.47;130.85;5404385
AAPL;D;210218;000000;129.24;129.99;127.41;129.77;5418157
AAPL;D;210219;000000;130.2;130.7;128.8;129.87;5166266
AAPL;D;210222;000000;128.01;129.72;125.6;126.03;5947523
AAPL;D;210223;000000;123.77;126.705;118.4;125.85;9358497
AAPL;D;210224;000000;124.93;125.55;122.24;125.29;6228371
AAPL;D;210225;000000;124.63;126.445;120.55;121;10414296
AAPL;D;210226;000000;122.57;124.85;121.26;121.29;10135340
AAPL;D;210301;000000;123.74;127.93;122.81;127.79;6593339
AAPL;D;210302;000000;128.41;128.71;125.02;125.17;5689279
AAPL;D;210303;000000;124.81;125.71;121.85;122.06;6346420
AAPL;D;210304;000000;121.73;123.6;118.63;120.22;12441541
AAPL;D;210305;000000;120.855;121.93;117.57;121.41;10121445
AAPL;D;210308;000000;120.93;120.99;116.22;116.4;9656063
AAPL;D;210309;000000;119.04;122.06;118.8;121.08;7643386
AAPL;D;210310;000000;121.53;122.17;119.46;119.97;6543276
AAPL;D;210311;000000;122.33;123.2;121.26;121.95;5026958
AAPL;D;210312;000000;120.41;121.16;119.16;121.05;4927547
AAPL;D;210315;000000;121.41;124;120.44;123.99;4090921
AAPL;D;210316;000000;125.67;127.21;124.72;125.58;5892737
AAPL;D;210317;000000;124.08;125.85;122.34;124.82;6467258
AAPL;D;210318;000000;122.88;123.17;120.33;120.53;6210329
AAPL;D;210319;000000;119.89;121.43;119.68;119.86;6076740
AAPL;D;210322;000000;120.31;123.86;120.29;123.37;5314862
AAPL;D;210323;000000;123.3;124.24;122.15;122.54;4506298
AAPL;D;210324;000000;122.83;122.88;120.07;120.08;4524194
AAPL;D;210325;000000;119.54;121.66;119;120.6;5788023
AAPL;D;210326;000000;120.37;121.48;118.93;121.18;4804540
AAPL;D;210329;000000;121.65;122.575;120.73;121.37;4086167
AAPL;D;210330;000000;120.02;120.4;118.87;119.98;4308777
AAPL;D;210331;000000;121.65;123.52;121.16;122.15;6099539
AAPL;D;210401;000000;123.66;124.18;122.5;122.99;3389868
AAPL;D;210405;000000;123.87;126.16;123.08;125.9;4350967
AAPL;D;210406;000000;126.5;127.12;125.65;126.22;3212886
AAPL;D;210407;000000;125.83;127.92;125.15;127.91;3661801
AAPL;D;210408;000000;128.95;130.39;128.52;130.37;4039123
AAPL;D;210409;000000;129.87;133;129.47;132.99;5028400
AAPL;D;210412;000000;132.53;132.85;130.64;131.27;3659762
AAPL;D;210413;000000;132.44;134.66;131.93;134.4;4112581
AAPL;D;210414;000000;134.96;135;131.66;132.14;3860187
AAPL;D;210415;000000;133.82;134.99;133.66;134.5;4186590
AAPL;D;210416;000000;134.38;134.65;133.28;134.12;3218935
AAPL;D;210419;000000;133.49;135.47;133.34;134.86;4171085
AAPL;D;210420;000000;135.03;135.53;131.82;133.12;4519360
AAPL;D;210421;000000;132.37;133.74;131.31;133.49;3121784
AAPL;D;210422;000000;133;134.15;131.42;131.96;4053263
AAPL;D;210423;000000;132.16;135.12;132.16;134.3;3829022
AAPL;D;210426;000000;134.8;135.05;133.57;134.75;2623209
AAPL;D;210427;000000;135.11;135.37;134.11;134.39;3002493
AAPL;D;210428;000000;134.29;135.01;133.09;133.78;4098998
AAPL;D;210429;000000;136.45;137.07;132.47;133.48;6328998
AAPL;D;210430;000000;131.81;133.56;131.08;131.51;4825291
AAPL;D;210503;000000;132.03;134.06;131.83;132.55;3766410
AAPL;D;210504;000000;131.19;131.48;126.7;127.94;6717098
AAPL;D;210505;000000;129.23;130.44;127.97;128.15;4182653
AAPL;D;210506;000000;127.88;129.74;127.14;129.73;4384111
AAPL;D;210507;000000;130.85;131.25;129.48;130.2;4482840
AAPL;D;210510;000000;129.41;129.52;126.81;126.86;4746816
AAPL;D;210511;000000;123.5;126.27;122.78;125.85;6041601
AAPL;D;210512;000000;123.55;124.64;122.26;122.82;6102106
AAPL;D;210513;000000;124.66;126.14;124.27;124.94;4755911
AAPL;D;210514;000000;126.25;127.88;125.85;127.43;4251744
AAPL;D;210517;000000;126.85;126.92;125.17;126.25;3450603
AAPL;D;210518;000000;126.53;126.98;124.78;124.86;3176784
AAPL;D;210519;000000;123.16;124.9;122.87;124.69;4724087
AAPL;D;210520;000000;125.23;127.71;125.1;127.31;3786141
AAPL;D;210521;000000;127.83;128;125.22;125.43;4012263
AAPL;D;210524;000000;126.01;127.93;125.94;127.11;3004947
AAPL;D;210525;000000;127.74;128.32;126.325;126.92;2674950
AAPL;D;210526;000000;126.93;127.38;126.43;126.86;2420373
AAPL;D;210527;000000;126.47;127.63;125.28;125.33;3796761
AAPL;D;210528;000000;125.57;125.78;124.55;124.71;3452808
AAPL;D;210601;000000;125.08;125.35;123.94;124.3;2708254
AAPL;D;210602;000000;124.29;125.23;124.05;125.09;2569184
AAPL;D;210603;000000;124.63;124.85;123.14;123.55;3187672
AAPL;D;210604;000000;124.07;126.15;123.86;125.86;3235599
AAPL;D;210607;000000;126.18;126.31;124.84;125.94;3106377
AAPL;D;210608;000000;126.65;128.45;126.24;126.75;3274670
AAPL;D;210609;000000;127.21;127.74;126.53;127.17;2647751
AAPL;D;210610;000000;127.03;128.19;125.94;126.1;3889176
AAPL;D;210611;000000;126.51;127.44;126.1;127.36;2888857
AAPL;D;210614;000000;127.82;130.49;127.07;130.49;4146657
AAPL;D;210615;000000;129.94;130.595;129.39;129.75;3056746
AAPL;D;210616;000000;130.37;130.89;128.47;130.14;4673866
AAPL;D;210617;000000;129.8;132.54;129.65;131.79;5372339
AAPL;D;210618;000000;130.71;131.5;130.25;130.4;4894397
AAPL;D;210621;000000;130.36;132.4;129.22;132.29;3873925
AAPL;D;210622;000000;132.12;134.08;131.63;133.97;3674772
AAPL;D;210623;000000;133.78;134.31;133.235;133.69;2580990
AAPL;D;210624;000000;134.45;134.63;132.93;133.4;3418597
AAPL;D;210625;000000;133.46;133.88;132.81;133.12;2634179
AAPL;D;210628;000000;133.42;135.24;133.37;134.74;3187628
AAPL;D;210629;000000;134.76;136.49;134.36;136.33;3504171
AAPL;D;210630;000000;136.17;137.4;135.88;136.92;3342377
AAPL;D;210701;000000;136.56;137.32;135.77;137.26;2982095
AAPL;D;210702;000000;137.94;140;137.75;139.96;4893574
AAPL;D;210706;000000;140.11;143.14;140.09;142;5359356
AAPL;D;210707;000000;143.535;144.89;142.67;144.61;5020137
AAPL;D;210708;000000;141.65;144.05;140.665;143.31;5058748
AAPL;D;210709;000000;142.75;145.64;142.655;145.08;5475849
AAPL;D;210712;000000;146.21;146.31;144.01;144.51;3133516
AAPL;D;210713;000000;144.06;147.45;143.69;145.7;4614775
AAPL;D;210714;000000;148.1;149.57;147.68;149.25;5823752
AAPL;D;210715;000000;149.24;150;147.13;148.48;5229342
AAPL;D;210716;000000;148.46;149.75;145.88;146.35;3892775
AAPL;D;210719;000000;143.69;144.07;141.675;142.52;5488391
AAPL;D;210720;000000;143.46;147.09;142.96;146.14;4196580
AAPL;D;210721;000000;145.53;146.12;144.63;145.38;3087589
AAPL;D;210722;000000;145.935;148.19;145.82;146.8;3237798
AAPL;D;210723;000000;147.55;148.71;146.93;148.56;3406500
AAPL;D;210726;000000;148.27;149.82;147.71;148.98;2856313
AAPL;D;210727;000000;149.1;149.21;145.55;146.78;4412838
AAPL;D;210728;000000;144.84;146.96;142.55;144.98;5003663
AAPL;D;210729;000000;144.65;146.55;144.59;145.62;2776739
AAPL;D;210730;000000;144.41;146.32;144.13;145.86;3360405
AAPL;D;210802;000000;146.36;146.94;145.26;145.54;2831932
AAPL;D;210803;000000;145.77;148.04;145.18;147.35;3259510
AAPL;D;210804;000000;147.27;147.78;146.28;146.96;2847672
AAPL;D;210805;000000;146.98;147.82;146.19;147.06;2389028
AAPL;D;210806;000000;146.35;147.1;145.63;146.12;2566764
AAPL;D;210809;000000;146.25;146.7;145.52;146.14;1902242
AAPL;D;210810;000000;146.44;147.71;145.3;145.62;2775343
AAPL;D;210811;000000;146.06;146.7;145.53;145.91;2289525
AAPL;D;210812;000000;146.19;149.045;145.85;148.88;3744642
AAPL;D;210813;000000;149;149.44;148.27;149.09;2569341
AAPL;D;210816;000000;148.61;151.12;146.48;151.12;4573495
AAPL;D;210817;000000;150.25;151.67;149.1;150.26;4201952
AAPL;D;210818;000000;149.89;150.71;146.15;146.36;4448250
AAPL;D;210819;000000;145.09;148;144.52;146.7;4491357
AAPL;D;210820;000000;147.45;148.5;146.8;148.19;3195912
AAPL;D;210823;000000;148.28;150.18;147.89;149.7;2428424
AAPL;D;210824;000000;149.47;150.86;149.16;149.63;2404198
AAPL;D;210825;000000;149.81;150.3;147.81;148.34;2591140
AAPL;D;210826;000000;148.39;149.11;147.52;147.55;2758712
AAPL;D;210827;000000;147.37;148.74;146.84;148.6;2733012
AAPL;D;210830;000000;149.05;153.49;148.64;153.11;4751535
AAPL;D;210831;000000;152.68;152.79;151.29;151.83;4146427
AAPL;D;210901;000000;152.81;154.98;152.34;152.54;3618287
AAPL;D;210902;000000;153.87;154.72;152.4;153.7;3099612
AAPL;D;210903;000000;153.76;154.62;153.1;154.37;2507847
AAPL;D;210907;000000;154.98;157.26;154.4;156.7;3987084
AAPL;D;210908;000000;156.99;157.03;153.98;155.11;3529373
AAPL;D;210909;000000;155.49;156.11;153.95;154.12;2511921
AAPL;D;210910;000000;154.99;155.48;148.71;149.02;7552088
AAPL;D;210913;000000;150.63;151.41;148.75;149.62;5263486
AAPL;D;210914;000000;150.35;151.06;146.91;148.18;5065959
AAPL;D;210915;000000;148.56;149.43;146.38;149.09;3809911
AAPL;D;210916;000000;148.44;148.97;147.23;148.86;4252823
AAPL;D;210917;000000;148.82;148.82;145.76;146;5044902
AAPL;D;210920;000000;143.78;144.83;141.27;143.01;6428984
AAPL;D;210921;000000;143.99;144.6;142.78;143.4;3790720
AAPL;D;210922;000000;144.45;146.42;143.71;145.8;3656472
AAPL;D;210923;000000;146.66;147.08;145.65;146.75;3134808
AAPL;D;210924;000000;145.66;147.47;145.57;146.93;2836770
AAPL;D;210927;000000;145.4;145.96;143.83;145.39;3504880
AAPL;D;210928;000000;143.19;144.75;141.7;141.95;5602142
AAPL;D;210929;000000;142.47;144.45;142.03;142.86;3205269
AAPL;D;210930;000000;143.67;144.37;141.29;141.36;4102531
AAPL;D;211001;000000;141.89;142.91;139.13;142.42;4233615
AAPL;D;211004;000000;141.68;142.2;138.27;139.19;4699224
AAPL;D;211005;000000;139.63;142.22;139.36;141.09;3030342
AAPL;D;211006;000000;139.53;142.145;138.38;142;3902253
AAPL;D;211007;000000;143.03;144.21;142.72;143.285;2568096
AAPL;D;211008;000000;144.08;144.16;142.56;143.02;2654722
AAPL;D;211011;000000;142.26;144.8;141.82;142.8;2323778
AAPL;D;211012;000000;143.21;143.21;141.05;141.46;3276842
AAPL;D;211013;000000;141.24;141.39;139.2;140.94;3588464
AAPL;D;211014;000000;142.11;143.88;141.52;143.75;3029621
AAPL;D;211015;000000;143.77;144.89;143.51;144.83;2839195
AAPL;D;211018;000000;143.445;146.83;143.19;146.55;2920823
AAPL;D;211019;000000;147.01;149.17;146.55;148.78;3476058
AAPL;D;211020;000000;148.73;149.75;148.12;149.35;2685397
AAPL;D;211021;000000;148.79;149.64;147.89;149.45;2766097
AAPL;D;211022;000000;149.58;150.18;148.64;148.69;3015506
AAPL;D;211025;000000;148.68;149.37;147.64;148.64;1842411
AAPL;D;211026;000000;149.35;150.83;149.02;149.25;2832721
AAPL;D;211027;000000;149.35;149.73;148.49;148.81;2169683
AAPL;D;211028;000000;149.82;153.16;149.77;152.55;4056674
AAPL;D;211029;000000;147.215;149.935;146.42;149.76;5742917
AAPL;D;211101;000000;148.985;149.69;147.81;148.98;2850037
AAPL;D;211102;000000;148.69;151.57;148.69;150.01;3210900
AAPL;D;211103;000000;150.39;151.97;149.82;151.49;2389887
AAPL;D;211104;000000;151.63;152.42;150.65;150.96;2716891
AAPL;D;211105;000000;151.86;152.19;150.06;151.26;2758013
AAPL;D;211108;000000;151.41;151.52;150.17;150.46;2245221
AAPL;D;211109;000000;150.25;151.42;150.08;150.85;3211208
AAPL;D;211110;000000;150.02;150.13;147.85;147.92;3861778
AAPL;D;211111;000000;148.96;149.04;147.7;147.86;2169658
AAPL;D;211112;000000;148.43;150.4;147.48;149.95;3199115
AAPL;D;211115;000000;150.37;151.87;149.45;149.99;2691874
AAPL;D;211116;000000;149.93;151.48;149.34;150.99;2396772
AAPL;D;211117;000000;151.05;155;151.03;153.59;4443251
AAPL;D;211118;000000;153.71;158.67;153.07;157.9;6907891
AAPL;D;211119;000000;157.57;161.015;156.54;160.58;5983527
AAPL;D;211122;000000;161.68;165.7;161;161.09;7283007
AAPL;D;211123;000000;161.17;161.79;159.07;161.41;5466499
AAPL;D;211124;000000;160.75;162.14;159.64;161.99;3338522
AAPL;D;211126;000000;159.615;160.43;156.37;156.98;4691168
AAPL;D;211129;000000;159.37;161.18;158.82;160.25;4545647
AAPL;D;211130;000000;159.985;165.52;159.93;165.44;9459920
AAPL;D;211201;000000;167.48;170.29;164.55;164.65;8639834
AAPL;D;211202;000000;158.735;164.19;157.8;163.82;7214476
AAPL;D;211203;000000;164;164.95;159.72;161.89;8335727
AAPL;D;211206;000000;164.29;167.86;164.28;165.29;6182044
AAPL;D;211207;000000;169.08;171.58;168.38;171.21;5964017
AAPL;D;211208;000000;172.125;175.94;170.73;175.07;5860803
AAPL;D;211209;000000;174.84;176.74;173.94;174.62;5343566
AAPL;D;211210;000000;175.205;179.63;174.69;179.48;6571124
AAPL;D;211213;000000;181.115;182.09;175.54;175.92;8077030
AAPL;D;211214;000000;175.25;177.71;172.21;174.34;7087589
AAPL;D;211215;000000;175.11;179.49;172.32;179.18;6430319
AAPL;D;211216;000000;179.28;181.12;170.75;172.32;9137100
AAPL;D;211217;000000;169.93;173.465;169.69;170.96;7041537
AAPL;D;211220;000000;168.28;170.57;167.47;169.91;4341662
AAPL;D;211221;000000;171.555;173.2;169.13;173.01;4315332
AAPL;D;211222;000000;173.04;175.86;172.17;175.63;4452426
AAPL;D;211223;000000;176;176.84;175.29;176.17;3071871
AAPL;D;211227;000000;177.085;180.4;177.07;180.3;3345466
AAPL;D;211228;000000;180.25;181.315;178.54;179.48;3429956
AAPL;D;211229;000000;179.33;180.62;178.15;179.37;2636814
AAPL;D;211230;000000;179.58;180.56;178.095;178.19;3085942
AAPL;D;211231;000000;177.95;179.2;177.27;177.59;2927579
AAPL;D;220103;000000;177.85;182.88;177.72;182;4023355
AAPL;D;220104;000000;182.615;182.94;179.12;179.7;4173172
AAPL;D;220105;000000;179.61;180.15;174.66;174.89;4203425
AAPL;D;220106;000000;172.63;175.29;171.65;172.04;4364282
AAPL;D;220107;000000;172.89;174.12;171.04;172.19;3772127
AAPL;D;220110;000000;169.08;172.5;168.17;172.19;4836687
AAPL;D;220111;000000;172.37;175.17;170.83;175.08;3623152
AAPL;D;220112;000000;176.08;177.17;174.85;175.57;3691031
AAPL;D;220113;000000;175.78;176.62;171.8;172.27;4357450
AAPL;D;220114;000000;171.41;173.77;171.11;173.06;3938794
AAPL;D;220118;000000;171.46;172.54;169.42;169.84;3757532
AAPL;D;220119;000000;170.01;171.08;165.94;166.2;4484178
AAPL;D;220120;000000;166.98;169.63;164.18;164.53;4409998
AAPL;D;220121;000000;164.415;166.32;162.3;162.39;6087667
AAPL;D;220124;000000;160.02;162.24;154.71;162.14;8685745
AAPL;D;220125;000000;158.95;162.76;157.02;159.94;4482281
AAPL;D;220126;000000;163.46;164.37;157.82;159.9;5421675
AAPL;D;220127;000000;162.45;163.84;158.285;159.13;5202190
AAPL;D;220128;000000;165.71;170.35;162.805;170.34;8872199
AAPL;D;220131;000000;170.15;174.99;169.54;174.96;4826459
AAPL;D;220201;000000;173.98;174.82;172.32;174.56;3413363
AAPL;D;220202;000000;174.73;175.88;173.34;175.75;3417468
AAPL;D;220203;000000;174.53;176.23;172.12;173.01;3785762
AAPL;D;220204;000000;171.68;174.095;170.7;172.27;4057152
AAPL;D;220207;000000;172.86;173.94;170.96;171.77;3153661
AAPL;D;220208;000000;171.69;175.34;171.43;174.82;3857692
AAPL;D;220209;000000;176.05;176.65;174.905;176.25;3752098
AAPL;D;220210;000000;174.14;175.48;171.55;172.32;5628191
AAPL;D;220211;000000;172.33;173.08;168.06;168.4;7246604
AAPL;D;220214;000000;167.37;169.56;166.57;168.89;5115982
AAPL;D;220215;000000;170.95;172.92;170.26;172.82;3904983
AAPL;D;220216;000000;171.85;173.33;170.05;172.53;3936086
AAPL;D;220217;000000;171.01;171.9;168.48;168.92;4112312
AAPL;D;220218;000000;169.82;170.53;166.2;167.38;5013956
AAPL;D;220222;000000;164.97;166.68;162.15;164.3;5854462
AAPL;D;220223;000000;165.54;166.15;159.75;160.14;5653282
AAPL;D;220224;000000;152.63;162.83;152;162.73;8676711
AAPL;D;220225;000000;163.84;165.03;160.88;164.88;6213425
AAPL;D;220228;000000;163.11;165.4;162.44;165.08;5351086
AAPL;D;220301;000000;164.7;166.59;161.97;163.16;6787089
AAPL;D;220302;000000;164.49;167.35;162.96;166.55;5692650
AAPL;D;220303;000000;168.47;168.9;165.56;166.24;4945844
AAPL;D;220304;000000;164.49;165.54;162.11;163.21;6148943
AAPL;D;220307;000000;163.37;165.02;159.05;159.44;6138100
AAPL;D;220308;000000;158.82;162.87;155.8;157.37;10058778
AAPL;D;220309;000000;161.475;163.41;159.42;162.96;5023866
AAPL;D;220310;000000;160.2;160.39;155.99;158.48;5943669
AAPL;D;220311;000000;158.93;159.26;154.5;154.73;6158397
AAPL;D;220314;000000;151.45;154.12;150.11;150.55;5405882
AAPL;D;220315;000000;150.97;155.565;150.38;155.15;4642211
AAPL;D;220316;000000;157.05;159.98;154.46;159.59;6142048
AAPL;D;220317;000000;158.61;161;157.63;160.92;4259360
AAPL;D;220318;000000;160.56;164.48;159.77;163.98;5900229
AAPL;D;220321;000000;163.51;166.35;163.02;165.38;4692323
AAPL;D;220322;000000;165.51;169.42;164.93;168.85;4587251
AAPL;D;220323;000000;167.99;172.64;167.65;170.23;5936419
AAPL;D;220324;000000;171.25;174.13;170.22;174.1;4453634
AAPL;D;220325;000000;173.95;175.27;172.75;174.56;4467077
AAPL;D;220328;000000;172.17;175.73;172.01;175.6;4454416
AAPL;D;220329;000000;176.69;179;176.34;179;4689862
AAPL;D;220330;000000;178.55;179.6;176.71;177.67;3983178
AAPL;D;220331;000000;177.82;178;174.41;174.65;4848743
AAPL;D;220401;000000;174.04;174.88;171.95;174.27;4321724
AAPL;D;220404;000000;174.57;178.49;174.46;178.48;3941344
AAPL;D;220405;000000;177.48;178.3;174.43;175.14;3516972
AAPL;D;220406;000000;172.39;173.63;170.13;171.52;4747640
AAPL;D;220407;000000;171.16;173.34;169.85;172.25;3920604
AAPL;D;220408;000000;171.78;171.78;169.22;170.1;4195356
AAPL;D;220411;000000;168.71;169.02;165.5;165.78;3966749
AAPL;D;220412;000000;168.02;169.87;166.64;167.65;4416003
AAPL;D;220413;000000;167.39;171.02;166.81;170.41;3140686
AAPL;D;220414;000000;170.62;171.26;165.05;165.35;3803094
AAPL;D;220418;000000;163.99;166.59;163.6;165.1;2854369
AAPL;D;220419;000000;165.02;167.81;163.92;167.45;3119978
AAPL;D;220420;000000;168.85;168.85;166.115;167.26;3547627
AAPL;D;220421;000000;168.91;171.53;165.91;166.34;5490418
AAPL;D;220422;000000;166.46;167.85;161.5;161.83;4346919
AAPL;D;220425;000000;161.12;163.16;158.47;162.9;5362272
AAPL;D;220426;000000;162.25;162.27;156.78;156.78;4384427
AAPL;D;220427;000000;155.91;159.78;155.4;156.53;3298860
AAPL;D;220428;000000;159.25;164.51;158.95;163.79;4945563
AAPL;D;220429;000000;161.84;166.18;157.275;157.69;4576229
AAPL;D;220502;000000;156.71;158.23;153.27;157.89;7788637
AAPL;D;220503;000000;158.15;160.56;156.33;159.38;4769396
AAPL;D;220504;000000;159.67;166.48;159.26;166.04;6589853
AAPL;D;220505;000000;163.85;164.07;154.96;156.81;6739833
AAPL;D;220506;000000;156;159.44;154.19;157.43;7999990
AAPL;D;220509;000000;154.925;155.82;151.5;152.32;6490284
AAPL;D;220510;000000;155.57;156.73;152.93;154.52;6927676
AAPL;D;220511;000000;153.5;155.41;145.81;146.61;8056868
AAPL;D;220512;000000;142.77;146.19;138.8;142.55;10439982
AAPL;D;220513;000000;144.7;148.105;143.12;147.09;5774720
AAPL;D;220516;000000;145.55;147.51;144.18;145.56;4544195
AAPL;D;220517;000000;148.86;149.76;146.69;149.3;3640219
AAPL;D;220518;000000;146.85;147.36;139.94;140.86;5413839
AAPL;D;220519;000000;139.84;141.65;136.605;137.32;6535978
AAPL;D;220520;000000;139.06;140.47;132.61;137.56;7346608
AAPL;D;220523;000000;137.79;143.26;137.79;143.13;4506317
AAPL;D;220524;000000;140.84;141.96;137.335;140.45;4148302
AAPL;D;220525;000000;138.43;141.78;138.37;140.68;4036598
AAPL;D;220526;000000;137.39;144.33;137.14;143.72;3938042
AAPL;D;220527;000000;145.36;149.66;145.28;149.58;4300275
AAPL;D;220531;000000;149;150.65;146.845;148.75;3801680
AAPL;D;220601;000000;149.91;151.74;147.69;148.7;3465461
AAPL;D;220602;000000;147.88;151.26;146.9;151.25;2957049
AAPL;D;220603;000000;146.83;147.97;144.47;145.31;3830435
AAPL;D;220606;000000;147.16;148.56;144.905;146.11;3207547
AAPL;D;220607;000000;144.22;148.99;144.1;148.68;2615258
AAPL;D;220608;000000;148.52;149.84;147.46;148.02;1945008
AAPL;D;220609;000000;147.09;147.95;142.53;142.61;2823640
AAPL;D;220610;000000;140.28;140.73;137.07;137.14;4612380
AAPL;D;220613;000000;132.87;135.2;131.45;131.9;4908772
AAPL;D;220614;000000;133.13;133.89;131.49;132.85;3407262
AAPL;D;220615;000000;134.29;137.34;132.18;135.4;3694422
AAPL;D;220616;000000;132.08;132.37;129.08;130.08;4587135
AAPL;D;220617;000000;130.065;133.07;129.82;131.41;5061630
AAPL;D;220621;000000;133.42;137.05;133.32;135.87;3153796
AAPL;D;220622;000000;134.79;137.75;133.91;135.31;3353141
AAPL;D;220623;000000;136.82;138.58;135.64;138.25;3674232
AAPL;D;220624;000000;139.89;141.89;139.77;141.84;3587020
AAPL;D;220627;000000;142.7;143.48;140.97;141.72;2745573
AAPL;D;220628;000000;142.24;143.415;137.33;137.5;3301548
AAPL;D;220629;000000;137.47;140.66;136.7;139.26;3198204
AAPL;D;220630;000000;137.25;138.37;133.78;136.82;4598586
AAPL;D;220701;000000;136.04;139.04;135.67;138.95;3825396
AAPL;D;220705;000000;137.78;141.61;136.95;141.61;3311669
AAPL;D;220706;000000;141.35;144.1;141.08;142.95;3399024
AAPL;D;220707;000000;143.29;146.55;143.28;146.35;3505008
AAPL;D;220708;000000;145.13;147.54;145;147;3185997
AAPL;D;220711;000000;145.67;146.63;143.79;144.89;2580866
AAPL;D;220712;000000;145.85;148.445;145.06;145.91;3734100
AAPL;D;220713;000000;142.99;146.435;142.145;145.45;3015433
AAPL;D;220714;000000;144;148.95;143.25;148.51;3891505
AAPL;D;220715;000000;149.78;150.86;148.2;150.22;3697675
AAPL;D;220718;000000;150.74;151.57;146.73;147.13;3666802
AAPL;D;220719;000000;147.92;151.22;146.94;150.97;3740801
AAPL;D;220720;000000;151.18;153.72;150.4;153.03;2981804
AAPL;D;220721;000000;154.5;155.56;151.94;155.37;3137256
AAPL;D;220722;000000;155.39;156.27;153.42;154.12;3749807
AAPL;D;220725;000000;154.03;155.04;152.3;152.98;2568754
AAPL;D;220726;000000;152.23;153.08;150.8;151.56;2732142
AAPL;D;220727;000000;152.63;157.33;152.21;156.65;3973155
AAPL;D;220728;000000;156.98;157.64;154.42;157.35;3818011
AAPL;D;220729;000000;161.24;163.62;159.5;162.57;3562767
AAPL;D;220801;000000;161.03;163.59;160.89;161.55;2724316
AAPL;D;220802;000000;160.1;162.41;159.65;160.04;2647406
AAPL;D;220803;000000;160.9;166.59;160.85;166.12;3706150
AAPL;D;220804;000000;166.005;167.18;164.435;165.8;2491387
AAPL;D;220805;000000;163.18;165.84;163;165.31;2823102
AAPL;D;220808;000000;166.37;167.8;164.21;164.9;2562356
AAPL;D;220809;000000;163.96;165.81;163.25;164.935;2654647
AAPL;D;220810;000000;167.84;169.3;166.92;169.1;3177667
AAPL;D;220811;000000;170.09;170.98;168.19;168.54;2748362
AAPL;D;220812;000000;169.82;172.13;169.42;172.13;3019650
AAPL;D;220815;000000;171.53;173.39;171.35;173.16;2059688
AAPL;D;220816;000000;172.77;173.71;171.67;173.05;2411120
AAPL;D;220817;000000;172.77;176.14;172.57;174.65;4039173
AAPL;D;220818;000000;173.75;174.89;173.12;174.155;2981928
AAPL;D;220819;000000;173.03;173.72;171.33;171.52;3257464
AAPL;D;220822;000000;169.69;169.84;167.14;167.62;3278920
AAPL;D;220823;000000;167.15;168.71;166.65;167.16;2662843
AAPL;D;220824;000000;167.1;168.105;166.245;167.63;2794369
AAPL;D;220825;000000;168.79;170.13;168.35;170.13;2636718
AAPL;D;220826;000000;170.57;171.01;163.56;163.62;4257846
AAPL;D;220829;000000;161.145;162.9;159.83;161.375;3391940
AAPL;D;220830;000000;162.17;162.56;157.73;158.92;3808447
AAPL;D;220831;000000;160.305;160.57;157.14;157.18;4126808
AAPL;D;220901;000000;156.62;158.4;154.68;157.99;4054082
AAPL;D;220902;000000;159.75;160.36;154.97;155.85;4224255
AAPL;D;220906;000000;156.47;157.08;153.71;154.61;3919855
AAPL;D;220907;000000;154.81;156.66;153.61;155.96;4067515
AAPL;D;220908;000000;154.64;156.35;152.68;154.47;4759277
AAPL;D;220909;000000;155.4;157.8;154.76;157.36;3709560
AAPL;D;220912;000000;159.59;164.26;159.41;163.48;4607336
AAPL;D;220913;000000;159.88;160.52;153.38;153.88;5699690
AAPL;D;220914;000000;154.71;157.09;153.62;155.32;4071835
AAPL;D;220915;000000;154.65;155.24;151.38;152.36;4312995
AAPL;D;220916;000000;151.21;151.35;148.39;150.47;5517134
AAPL;D;220919;000000;149.31;154.56;149.12;154.53;4307331
AAPL;D;220920;000000;153.4;158.07;153.1;156.93;4076482
AAPL;D;220921;000000;157.34;158.7;153.64;153.73;4990517
AAPL;D;220922;000000;152.31;154.47;150.92;152.68;4494815
AAPL;D;220923;000000;151.19;151.45;148.56;150.59;5316395
AAPL;D;220926;000000;149.66;153.77;149.66;150.8;4540495
AAPL;D;220927;000000;152.77;154.7;149.95;151.8;4291999
AAPL;D;220928;000000;147.64;150.64;144.84;149.79;5982006
AAPL;D;220929;000000;146.1;146.71;140.69;142.54;6437460
AAPL;D;220930;000000;141.23;143.09;138;138;5976956
AAPL;D;221003;000000;138.21;143.07;137.69;142.41;5013003
AAPL;D;221004;000000;145.03;146.21;144.26;146.12;3851380
AAPL;D;221005;000000;144.075;147.38;143.02;146.42;3451380
AAPL;D;221006;000000;145.81;147.53;145.23;145.45;3781959
AAPL;D;221007;000000;142.55;143.09;139.45;140.09;4817352
AAPL;D;221010;000000;140.42;141.88;138.59;140.37;4171456
AAPL;D;221011;000000;139.9;141.34;138.23;138.96;3601834
AAPL;D;221012;000000;139.09;140.35;138.16;138.29;3186675
AAPL;D;221013;000000;134.99;143.59;134.37;142.91;6557902
AAPL;D;221014;000000;144.31;144.51;138.19;138.3;5397811
AAPL;D;221017;000000;141.065;142.89;140.28;142.4;3716860
AAPL;D;221018;000000;145.57;146.69;140.61;143.74;5207539
AAPL;D;221019;000000;141.66;144.93;141.53;143.9;3489875
AAPL;D;221020;000000;143.02;145.88;142.65;143.32;3982223
AAPL;D;221021;000000;142.87;147.84;142.65;147.28;4700611
AAPL;D;221024;000000;147.27;150.22;146;149.56;3840190
AAPL;D;221025;000000;150.13;152.49;149.38;152.35;3054796
AAPL;D;221026;000000;150.96;151.98;148.04;149.5;4154329
AAPL;D;221027;000000;148.07;149.04;144.13;144.98;4266356
AAPL;D;221028;000000;148.2;157.5;147.84;155.71;6796871
AAPL;D;221031;000000;153.17;154.235;151.92;153.42;3040003
AAPL;D;221101;000000;155.08;155.42;149.14;150.6;4189374
AAPL;D;221102;000000;148.945;152.16;145;145.01;5089492
AAPL;D;221103;000000;142.08;142.79;138.77;138.89;4531308
AAPL;D;221104;000000;142.09;142.67;134.38;138.36;5646001
AAPL;D;221107;000000;137.11;139.14;135.68;138.98;2961617
AAPL;D;221108;000000;140.41;141.43;137.49;139.49;2841039
AAPL;D;221109;000000;138.53;138.55;134.6;134.87;3306427
AAPL;D;221110;000000;141.24;146.85;140.4;146.83;4788937
AAPL;D;221111;000000;145.82;150;144.4;149.63;4554489
AAPL;D;221114;000000;149.03;150.25;147.43;148.4;2811639
AAPL;D;221115;000000;152.25;153.59;148.57;150.03;4271506
AAPL;D;221116;000000;149.13;149.85;147.3;148.84;2597728
AAPL;D;221117;000000;146.49;151.48;146.18;150.72;2845528
AAPL;D;221118;000000;152.22;152.4;149.98;151.37;3167080
AAPL;D;221121;000000;150.155;150.25;147.715;147.92;2100519
AAPL;D;221122;000000;148.13;150.42;146.93;150.19;1933583
AAPL;D;221123;000000;149.49;151.82;149.35;151.12;2178880
AAPL;D;221125;000000;148.305;148.86;147.12;148.16;1394414
AAPL;D;221128;000000;145.17;146.63;143.4;144.2;2908336
AAPL;D;221129;000000;144.35;144.8;140.36;141.18;3262396
AAPL;D;221130;000000;141.38;148;140.56;148;3627365
AAPL;D;221201;000000;148.21;149.115;146.62;148.32;3000933
AAPL;D;221202;000000;145.96;148;145.66;147.82;2684336
AAPL;D;221205;000000;147.75;150.91;145.78;146.66;2391304
AAPL;D;221206;000000;147.06;147.28;141.92;142.91;2657580
AAPL;D;221207;000000;142.19;143.36;140.01;140.96;2964991
AAPL;D;221208;000000;142.38;143.52;141.11;142.64;2250116
AAPL;D;221209;000000;142.34;145.57;140.93;142.18;2942575
AAPL;D;221212;000000;142.7;144.5;141.07;144.5;2084549
AAPL;D;221213;000000;149.67;149.96;144.24;145.48;4678388
AAPL;D;221214;000000;145.41;146.65;141.16;143.2;3944229
AAPL;D;221215;000000;141.11;141.8;136.03;136.43;4802914
AAPL;D;221216;000000;136.685;137.65;133.73;134.5;4402028
AAPL;D;221219;000000;135.11;135.2;131.33;132.35;3024696
AAPL;D;221220;000000;131.62;133.24;129.89;132.27;3047525
AAPL;D;221221;000000;133.03;136.8;132.76;135.45;3237155
AAPL;D;221222;000000;134.4;134.53;130.3;132.23;3459568
AAPL;D;221223;000000;130.92;132.41;129.67;131.85;2213939
AAPL;D;221227;000000;131.37;131.37;128.72;130.05;2200836
AAPL;D;221228;000000;129.72;131.025;125.88;126.05;2814626
AAPL;D;221229;000000;127.99;130.48;127.73;129.6;2710191
AAPL;D;221230;000000;128.41;129.95;127.46;129.91;3106560
AAPL;D;230103;000000;130.26;130.89;124.18;125.05;3992094
AAPL;D;230104;000000;126.89;128.65;125.08;126.37;3482047
AAPL;D;230105;000000;127.13;127.74;124.76;125.05;2766643
AAPL;D;230106;000000;126.2;130.28;124.91;129.54;3366461
AAPL;D;230109;000000;130.465;133.41;129.89;130.18;2400530
AAPL;D;230110;000000;130.26;131.24;128.12;130.75;2253268
AAPL;D;230111;000000;131.4;133.48;130.48;133.47;2429281
AAPL;D;230112;000000;134.05;134.25;131.45;133.39;1961904
AAPL;D;230113;000000;132.03;134.91;131.67;134.75;2105432
AAPL;D;230117;000000;134.88;137.28;134.16;135.94;1867671
AAPL;D;230118;000000;136.815;138.61;135.04;135.21;2853713
AAPL;D;230119;000000;134.01;136.24;133.77;135.29;2220672
AAPL;D;230120;000000;135.29;138;134.23;137.88;2716142
AAPL;D;230123;000000;138.12;143.305;137.91;141.1;3250678
AAPL;D;230124;000000;140.305;143.15;140.3;142.55;2014146
AAPL;D;230125;000000;140.89;142.43;138.82;141.84;2585997
AAPL;D;230126;000000;143.17;144.25;141.91;143.93;2194105
AAPL;D;230127;000000;143.155;147.225;143.13;145.97;2661043
AAPL;D;230130;000000;144.955;145.53;142.86;142.92;2262220
AAPL;D;230131;000000;142.7;144.34;142.28;144.29;2011696
AAPL;D;230201;000000;143.97;146.61;141.34;145.43;3029543
AAPL;D;230202;000000;148.9;151.18;148.18;150.91;4269790
AAPL;D;230203;000000;148.03;157.36;147.85;154.51;5519194
AAPL;D;230206;000000;152.575;153.1;150.79;151.7;2548517
AAPL;D;230207;000000;150.76;155.23;150.72;154.67;3392228
AAPL;D;230208;000000;153.76;154.56;151.17;151.95;2670254
AAPL;D;230209;000000;153.775;154.32;150.43;150.86;2529046
AAPL;D;230210;000000;149.46;151.33;149.23;151.01;2382380
AAPL;D;230213;000000;150.95;154.25;150.95;153.85;2155727
AAPL;D;230214;000000;152.12;153.76;150.86;153.16;2627282
AAPL;D;230215;000000;153.11;155.5;152.88;155.33;2034967
AAPL;D;230216;000000;153.56;156.32;153.35;153.71;2944532
AAPL;D;230217;000000;152.35;153;150.85;152.53;2428609
AAPL;D;230221;000000;150.2;151.285;148.41;148.45;2093263
AAPL;D;230222;000000;148.87;149.95;147.16;148.94;2069914
AAPL;D;230223;000000;150.09;150.34;147.24;149.41;2201824
AAPL;D;230224;000000;147.08;147.19;145.73;146.73;2633065
AAPL;D;230227;000000;147.71;149.16;147.46;147.9;2037695
AAPL;D;230228;000000;147.05;149.08;146.84;147.42;2160765
AAPL;D;230301;000000;146.83;147.21;145.01;145.35;2537590
AAPL;D;230302;000000;144.41;146.71;143.9;145.95;2140403
AAPL;D;230303;000000;148.09;151.11;147.34;151.08;3177366
AAPL;D;230306;000000;153.785;156.29;153.47;153.91;3759587
AAPL;D;230307;000000;153.7;154.02;151.14;151.58;2874863
AAPL;D;230308;000000;152.87;153.45;151.87;152.89;2126120
AAPL;D;230309;000000;153.55;154.53;150.24;150.54;2474774
AAPL;D;230310;000000;150.21;150.94;147.615;148.52;4414108
AAPL;D;230313;000000;147.805;153.14;147.7;150.48;4624090
AAPL;D;230314;000000;151.28;153.4;150.1;152.52;3687357
AAPL;D;230315;000000;151.19;153.23;149.92;153;4636310
AAPL;D;230316;000000;152.32;156.45;151.64;155.9;4334493
AAPL;D;230317;000000;156.08;156.74;154.28;155.05;3912960
AAPL;D;230320;000000;155.07;157.82;154.15;157.47;3948791
AAPL;D;230321;000000;157.3;159.4;156.58;159.4;3482963
AAPL;D;230322;000000;159.23;162.14;157.83;157.87;4017816
AAPL;D;230323;000000;158.78;161.55;157.68;158.92;4111741
AAPL;D;230324;000000;158.83;160.34;157.86;160.29;2806223
AAPL;D;230327;000000;159.94;160.75;157.88;158.3;2685215
AAPL;D;230328;000000;157.87;158.13;155.98;157.675;2080595
AAPL;D;230329;000000;159.37;161.04;159.36;160.78;2507409
AAPL;D;230330;000000;161.53;162.47;161.3;162.37;2265641
AAPL;D;230331;000000;162.44;165;162.18;164.9;3269646
AAPL;D;230403;000000;164.27;166.29;164.25;166.11;2337901
AAPL;D;230404;000000;166.62;166.835;165.11;165.63;1944954
AAPL;D;230405;000000;164.74;165.03;161.81;163.75;2372610
AAPL;D;230406;000000;162.43;164.945;162.02;164.64;2033417
AAPL;D;230410;000000;161.45;162.03;160.1;162.02;2019459
AAPL;D;230411;000000;162.29;162.32;160.51;160.82;2028607
AAPL;D;230412;000000;161.22;162.05;159.78;160.12;2421411
AAPL;D;230413;000000;161.62;165.795;161.45;165.62;3148586
AAPL;D;230414;000000;164.59;166.31;163.83;165.22;2145130
AAPL;D;230417;000000;165.09;165.39;164.06;165.26;1752760
AAPL;D;230418;000000;165.99;167.41;165.66;166.45;1782987
AAPL;D;230419;000000;165.75;168.15;165.56;167.62;1752754
AAPL;D;230420;000000;166.09;167.87;165.57;166.62;2343894
AAPL;D;230421;000000;165.05;166.45;164.5;165.01;2525801
AAPL;D;230424;000000;164.93;165.6;163.9;165.35;1759789
AAPL;D;230425;000000;165.18;166.305;163.73;163.79;2368480
AAPL;D;230426;000000;163.055;165.27;162.83;163.73;2279494
AAPL;D;230427;000000;165.19;168.53;165.19;168.44;2922016
AAPL;D;230428;000000;168.45;169.85;167.89;169.68;2453007
AAPL;D;230501;000000;169.28;170.44;168.64;169.59;1914697
AAPL;D;230502;000000;170.09;170.35;167.55;168.55;2246439
AAPL;D;230503;000000;169.52;170.92;167.16;167.46;2913114
AAPL;D;230504;000000;164.84;167.04;164.315;165.79;3185365
AAPL;D;230505;000000;170.93;174.3;170.76;173.64;4646437
AAPL;D;230508;000000;172.48;173.84;172.12;173.53;2122836
AAPL;D;230509;000000;173.05;173.54;171.63;171.8;1982168
AAPL;D;230510;000000;172.98;174.03;171.905;173.545;2680222
AAPL;D;230511;000000;173.85;174.57;172.17;173.83;2353230
AAPL;D;230512;000000;173.71;174.06;171;172.54;2054367
AAPL;D;230515;000000;173.14;173.18;171.47;172.14;1461053
AAPL;D;230516;000000;171.99;173.13;171.8;172.08;1712396
AAPL;D;230517;000000;171.71;172.92;170.43;172.66;2344510
AAPL;D;230518;000000;173.08;175.23;172.59;175.065;2732402
AAPL;D;230519;000000;176.22;176.29;174.96;175.19;2290019
AAPL;D;230522;000000;173.98;174.71;173.47;174.28;1625209
AAPL;D;230523;000000;173.13;173.35;171.285;171.54;2245446
AAPL;D;230524;000000;171.09;172.41;170.54;171.85;1824086
AAPL;D;230525;000000;172.56;173.89;171.7;173.025;2220437
AAPL;D;230526;000000;173.32;175.77;173.11;175.38;2412466
AAPL;D;230530;000000;176.97;178.98;176.59;177.33;2606304
AAPL;D;230531;000000;177.325;179.35;176.77;177.45;3391046
AAPL;D;230601;000000;177.7;180.12;176.94;180.1;2341163
AAPL;D;230602;000000;181.03;181.745;179.27;180.92;2463166
AAPL;D;230605;000000;182.63;184.95;178.04;179.61;5468731
AAPL;D;230606;000000;179.965;180.1;177.45;179.15;2750448
AAPL;D;230607;000000;178.46;181.205;177.32;177.83;3678258
AAPL;D;230608;000000;177.93;180.84;177.47;180.56;2559136
AAPL;D;230609;000000;181.5;182.22;180.63;181.06;2227151
AAPL;D;230612;000000;181.27;183.89;180.97;183.84;2293414
AAPL;D;230613;000000;182.8;184.13;182.44;183.32;2497283
AAPL;D;230614;000000;183.37;184.39;182.02;183.96;2855583
AAPL;D;230615;000000;183.96;186.52;183.8;186.02;3565919
AAPL;D;230616;000000;186.62;186.82;184.66;185.02;3014539
AAPL;D;230620;000000;184.41;186.1;184.41;185.02;2586969
AAPL;D;230621;000000;184.83;185.4;182.6;183.96;2517549
AAPL;D;230622;000000;183.75;187.04;183.7;186.96;2178354
AAPL;D;230623;000000;185.51;187.56;185.01;186.7;2148538
AAPL;D;230626;000000;186.75;188.05;185.24;185.31;1928260
AAPL;D;230627;000000;185.95;188.38;185.67;188.04;1790401
AAPL;D;230628;000000;187.93;189.9;187.61;189.29;2212048
AAPL;D;230629;000000;189.11;190.06;188.94;189.6;2032957
AAPL;D;230630;000000;191.63;194.48;191.27;193.77;3163401
AAPL;D;230703;000000;193.755;193.88;191.76;192.46;1347994
AAPL;D;230705;000000;191.57;192.97;190.62;191.33;1687104
AAPL;D;230706;000000;189.91;192.02;189.21;191.77;1808993
AAPL;D;230707;000000;191.41;192.66;190.255;190.7;2154179
AAPL;D;230710;000000;189.27;189.98;187.04;188.63;2259683
AAPL;D;230711;000000;189.21;189.26;186.6;188.05;1813306
AAPL;D;230712;000000;189.74;191.69;188.475;189.84;2390701
AAPL;D;230713;000000;190.42;191.18;189.78;190.53;1549903
AAPL;D;230714;000000;190.23;191.175;189.64;190.72;2147472
AAPL;D;230717;000000;191.9;194.31;191.82;193.98;2010168
AAPL;D;230718;000000;193.32;194.33;192.42;193.74;2012282
AAPL;D;230719;000000;193.1;198.22;192.65;195.08;3503159
AAPL;D;230720;000000;195.09;196.45;192.5;193.14;3016717
AAPL;D;230721;000000;194.125;194.95;191.33;191.95;2134277
AAPL;D;230724;000000;193.4;194.91;192.29;192.76;1464078
AAPL;D;230725;000000;193.33;194.44;192.93;193.63;1313627
AAPL;D;230726;000000;193.65;195.64;193.335;194.52;1783761
AAPL;D;230727;000000;196;197.19;192.55;193.21;1992794
AAPL;D;230728;000000;194.66;196.61;194.14;195.84;2378079
AAPL;D;230731;000000;196.03;196.48;195.26;196.48;1523720
AAPL;D;230801;000000;196.23;196.73;195.29;195.62;1267312
AAPL;D;230802;000000;195.01;195.18;191.86;192.59;1812059
AAPL;D;230803;000000;191.57;192.37;190.69;191.01;1990204
AAPL;D;230804;000000;185.35;187.36;181.92;182;5451916
AAPL;D;230807;000000;182.13;183.13;177.36;178.8;4143217
AAPL;D;230808;000000;179.69;180.26;177.59;179.81;2310573
AAPL;D;230809;000000;180.86;180.9;177.01;178.19;2229997
AAPL;D;230810;000000;179.48;180.75;177.6;178.01;2438648
AAPL;D;230811;000000;177.31;178.62;176.56;177.89;2196119
AAPL;D;230814;000000;177.97;179.68;177.32;179.51;1454635
AAPL;D;230815;000000;178.89;179.48;177.06;177.5;1688583
AAPL;D;230816;000000;177.03;178.52;176.5;176.55;1565725
AAPL;D;230817;000000;177.21;177.49;173.49;173.97;2289840
AAPL;D;230818;000000;172.3;175.1;171.97;174.49;2089635
AAPL;D;230821;000000;175.07;176.13;173.74;175.805;1460826
AAPL;D;230822;000000;177.06;177.675;176.25;177.28;1634416
AAPL;D;230823;000000;178.52;181.54;178.35;181.14;2242755
AAPL;D;230824;000000;180.69;181.1;176.01;176.33;2634313
AAPL;D;230825;000000;177.44;179.145;175.82;178.59;2522071
AAPL;D;230828;000000;180.09;180.58;178.55;180.19;1999228
AAPL;D;230829;000000;179.69;184.9;179.53;184.12;2469624
AAPL;D;230830;000000;184.94;187.79;184.79;187.67;2682373
AAPL;D;230831;000000;187.85;189.12;187.48;187.89;2459531
AAPL;D;230901;000000;189.56;189.92;188.32;189.47;1901683
AAPL;D;230905;000000;188.25;189.98;187.62;189.68;1640580
AAPL;D;230906;000000;188.43;188.79;181.47;182.91;3821606
AAPL;D;230907;000000;175.16;178.21;173.55;177.58;4932196
AAPL;D;230908;000000;178.35;180.23;177.8;178.12;2927822
AAPL;D;230911;000000;180.075;180.29;177.34;179.38;2275542
AAPL;D;230912;000000;179.49;180.13;174.84;176.31;3775663
AAPL;D;230913;000000;176.5;177.28;173.98;174.2;3096178
AAPL;D;230914;000000;174;176.09;173.61;175.7;2366457
AAPL;D;230915;000000;176.43;176.43;173.82;174.93;2889508
AAPL;D;230918;000000;176.5;179.38;176.17;177.99;2613959
AAPL;D;230919;000000;177.59;179.61;177.14;179.09;1938980
AAPL;D;230920;000000;179.29;179.67;175.46;175.49;2512931
AAPL;D;230921;000000;174.52;176.28;173.86;173.94;2515890
AAPL;D;230922;000000;174.61;177.07;174.06;174.74;2482015
AAPL;D;230925;000000;174.19;176.97;174.15;176.1;2192095
AAPL;D;230926;000000;174.82;175.2;171.67;171.92;2718217
AAPL;D;230927;000000;172.58;173.02;169.05;170.42;3250343
AAPL;D;230928;000000;169.48;172.025;167.65;170.68;2772340
AAPL;D;230929;000000;171.95;173.07;170.35;171.19;2423909
AAPL;D;231002;000000;171.22;174.29;170.93;173.78;2626738
AAPL;D;231003;000000;172.27;173.63;170.83;172.47;2447353
AAPL;D;231004;000000;171.02;174.2;171;173.64;2649562
AAPL;D;231005;000000;173.8;175.44;172.68;174.98;2427838
AAPL;D;231006;000000;173.8;177.99;173.18;177.49;2968092
AAPL;D;231009;000000;176.7;179.04;175.81;179;1912070
AAPL;D;231010;000000;178.12;179.71;177.96;178.41;2426803
AAPL;D;231011;000000;178.2;179.85;177.61;179.75;2619771
AAPL;D;231012;000000;180.07;182.33;179.05;180.73;3562968
AAPL;D;231013;000000;181.37;181.92;178.14;178.885;2684881
AAPL;D;231016;000000;176.75;179.06;176.51;178.67;2773948
AAPL;D;231017;000000;176.68;178.42;174.81;177.15;3143927
AAPL;D;231018;000000;175.48;177.56;175.11;175.8;2918482
AAPL;D;231019;000000;176;177.84;175.2;175.45;3510157
AAPL;D;231020;000000;175.31;175.41;172.645;172.86;3434935
AAPL;D;231023;000000;170.91;174.01;169.935;172.96;2975067
AAPL;D;231024;000000;173.03;173.67;171.47;173.4;2358850
AAPL;D;231025;000000;171.86;173.05;170.65;171.1;2657757
AAPL;D;231026;000000;170.37;171.37;165.68;166.75;3799261
AAPL;D;231027;000000;166.91;168.96;166.83;168.29;3072941
AAPL;D;231030;000000;169.03;171.16;168.9;170.23;2838213
AAPL;D;231031;000000;169.35;170.9;167.92;170.79;2092955
AAPL;D;231101;000000;170.98;174.225;170.13;173.93;2884146
AAPL;D;231102;000000;175.52;177.78;175.47;177.78;3439009
AAPL;D;231103;000000;174.25;176.82;173.36;176.62;3712831
AAPL;D;231106;000000;176.4;179.425;176.21;179.32;2590437
AAPL;D;231107;000000;179.23;182.44;178.98;181.88;3195423
AAPL;D;231108;000000;182.35;183.44;181.59;182.89;2365384
AAPL;D;231109;000000;182.95;184.11;181.81;182.42;2866733
AAPL;D;231110;000000;183.97;186.56;183.54;186.38;2933175
AAPL;D;231113;000000;185.79;186.03;184.21;184.76;1905449
AAPL;D;231114;000000;187.7;188.1;186.31;187.43;2699944
AAPL;D;231115;000000;187.85;189.49;187.79;188.09;2327878
AAPL;D;231116;000000;189.59;190.95;188.73;189.77;2897755
AAPL;D;231117;000000;190.16;190.35;188.58;189.75;1984242
AAPL;D;231120;000000;189.93;191.905;189.93;191.49;1875584
AAPL;D;231121;000000;191.49;191.52;189.74;190.66;1861669
AAPL;D;231122;000000;191.5;192.92;190.83;191.32;2015590
AAPL;D;231124;000000;190.86;190.9;189.25;189.97;1137843
AAPL;D;231127;000000;189.97;190.67;188.91;189.77;1810080
AAPL;D;231128;000000;189.79;191.08;189.405;190.38;1800282
AAPL;D;231129;000000;190.9;192.08;188.97;189.355;1786152
AAPL;D;231130;000000;189.85;190.31;188.19;189.95;2110275
AAPL;D;231201;000000;190.33;191.56;189.23;191.24;1999969
AAPL;D;231204;000000;189.98;190.04;187.455;189.43;2270947
AAPL;D;231205;000000;190.24;194.4;190.23;193.49;3374741
AAPL;D;231206;000000;194.45;194.76;192.12;192.34;1915183
AAPL;D;231207;000000;193.63;195;193.61;194.23;1993852
AAPL;D;231208;000000;194.09;195.98;193.68;195.69;2396932
AAPL;D;231211;000000;193.11;193.49;191.435;193.18;2967810
AAPL;D;231212;000000;193.08;194.71;191.74;194.64;2242708
AAPL;D;231213;000000;195.09;197.99;194.85;197.88;3574875
AAPL;D;231214;000000;198.02;199.615;196.165;198.14;3256742
AAPL;D;231215;000000;197.53;198.395;197;197.23;2445817
AAPL;D;231218;000000;196.09;196.63;194.4;195.87;2255592
AAPL;D;231219;000000;196.2;196.95;195.9;196.93;1464702
AAPL;D;231220;000000;196.9;197.67;194.86;194.87;2164065
AAPL;D;231221;000000;196.18;197.07;193.5;194.69;2111449
AAPL;D;231222;000000;195.18;195.4;192.97;193.68;1747104
AAPL;D;231226;000000;193.61;193.88;192.84;193.05;1044803
AAPL;D;231227;000000;192.47;193.49;191.1;193.18;1793985
AAPL;D;231228;000000;194.09;194.66;193.17;193.58;1493052
AAPL;D;231229;000000;193.91;194.39;191.74;192.52;1696959
AAPL;D;240102;000000;187.18;188.44;183.89;185.55;3078973
AAPL;D;240103;000000;184.34;185.87;183.43;184.24;1938827
AAPL;D;240104;000000;182.15;183.06;180.89;181.92;2559682
AAPL;D;240105;000000;181.96;182.76;180.17;181.17;2285066
AAPL;D;240108;000000;182.13;185.59;181.5;185.54;1926691
AAPL;D;240109;000000;183.92;185.15;182.73;185.11;1556356
AAPL;D;240110;000000;184.29;186.395;183.94;186.14;1573093
AAPL;D;240111;000000;186.6;187.05;183.62;185.59;2151137
AAPL;D;240112;000000;186.07;186.74;185.19;185.91;1568863
AAPL;D;240116;000000;182.21;184.25;180.94;183.61;2743077
AAPL;D;240117;000000;181.27;182.93;180.31;182.66;2227039
AAPL;D;240118;000000;186.09;189.14;185.84;188.71;3191439
AAPL;D;240119;000000;189.33;191.94;188.82;191.56;2670728
AAPL;D;240122;000000;192.3;195.32;192.26;193.88;2547089
AAPL;D;240123;000000;195.02;195.7;193.83;195.15;1779798
AAPL;D;240124;000000;195.42;196.36;194.35;194.51;2492672
AAPL;D;240125;000000;195.18;196.265;193.13;194.19;2846424
AAPL;D;240126;000000;194.27;194.76;191.94;192.36;1861127
AAPL;D;240129;000000;192.01;192.195;189.58;191.8;1705669
AAPL;D;240130;000000;190.81;191.8;187.48;187.98;2219468
AAPL;D;240131;000000;187.07;187.07;184.43;184.43;2011423
AAPL;D;240201;000000;184.01;186.91;183.82;186.86;2270891
AAPL;D;240202;000000;179.92;187.32;179.25;185.84;4143513
AAPL;D;240205;000000;188.18;189.25;185.85;187.69;2949294
AAPL;D;240206;000000;186.85;189.31;186.8;189.29;1730961
AAPL;D;240207;000000;190.65;191.03;188.62;189.41;2149046
AAPL;D;240208;000000;189.35;189.53;187.36;188.34;1874053
AAPL;D;240209;000000;188.65;189.99;188;188.84;2178857
AAPL;D;240212;000000;188.4;188.66;186.79;187.18;1621648
AAPL;D;240213;000000;185.82;186.2;183.52;185.02;2252892
AAPL;D;240214;000000;185.28;185.46;182.44;184.02;2418835
AAPL;D;240215;000000;183.55;184.48;181.4;183.95;2762731
AAPL;D;240216;000000;183.42;184.85;181.68;182.29;2000911
AAPL;D;240220;000000;181.845;182.42;180.005;181.61;2128513
AAPL;D;240221;000000;182.04;182.88;180.68;182.34;1925358
AAPL;D;240222;000000;183.43;184.95;182.47;184.36;2308215
AAPL;D;240223;000000;185.01;185.01;182.31;182.49;2150369
AAPL;D;240226;000000;182.24;182.75;180.65;181.14;1603397
AAPL;D;240227;000000;181.1;183.92;179.61;182.63;2135420
AAPL;D;240228;000000;181.96;182.12;180.13;181.46;1986312
AAPL;D;240229;000000;181.36;182.56;179.54;180.6;4185695
AAPL;D;240301;000000;179.55;180.52;177.39;179.65;3214815
AAPL;D;240304;000000;176.17;176.89;173.795;175.08;3681324
AAPL;D;240305;000000;170.79;172.02;169.64;170.17;3966353
AAPL;D;240306;000000;171.19;171.23;168.69;169.13;3011701
AAPL;D;240307;000000;169.28;170.72;168.5;168.99;2989850
AAPL;D;240308;000000;169;173.69;168.96;170.73;3597278
AAPL;D;240311;000000;172.95;174.38;172.05;172.79;2781187
AAPL;D;240312;000000;173.15;174.03;171.02;173.23;2523863
AAPL;D;240313;000000;172.77;173.15;170.77;171.18;2025436
AAPL;D;240314;000000;172.91;174.3;172.07;173.09;3792509
AAPL;D;240315;000000;171.17;172.6;170.285;172.56;3359373
AAPL;D;240318;000000;175.57;177.69;173.52;173.7;3207426
AAPL;D;240319;000000;174.33;176.6;173.03;176.08;2140669
AAPL;D;240320;000000;175.72;178.67;175.12;178.65;2461061
AAPL;D;240321;000000;177.05;177.47;170.84;171.37;3971593
AAPL;D;240322;000000;171.73;173.05;170.06;172.25;2575018
AAPL;D;240325;000000;170.54;171.93;169.45;170.85;1965080
AAPL;D;240326;000000;170;171.42;169.6;169.82;2371597
AAPL;D;240327;000000;170.41;173.6;170.12;173.41;2466927
AAPL;D;240328;000000;171.71;172.22;170.51;171.34;2042834
AAPL;D;240401;000000;171.19;171.23;169.48;170;1772307
AAPL;D;240402;000000;169.08;169.34;168.24;168.94;2036133
AAPL;D;240403;000000;168.79;170.67;168.59;169.67;1858236
AAPL;D;240404;000000;170.4;171.92;168.83;168.91;2305119
AAPL;D;240405;000000;169.51;170.38;168.96;169.6;1763731
AAPL;D;240408;000000;169.03;169.18;168.24;168.48;1251601
AAPL;D;240409;000000;168.71;170.07;168.35;169.69;1566453
AAPL;D;240410;000000;168.85;169.08;167.12;167.75;2121547
AAPL;D;240411;000000;168.25;175.46;168.17;175.04;3475857
AAPL;D;240412;000000;174.38;178.35;174.22;176.57;3894309
